Dt. ins.,Note interne 1,Soggetto,Ragione sociale,Contatto,Operatore,Categoria
2025-09-18,"18/09
Cliente da lista associazione cosmetica Germania, dal centralino hanno provato a passarmi ufficio acquisti ma purtroppo non mi ha ripsosto nessuno. Quindi nel richiamare mi hanno chesto di inviare presnetazione e catalogo.
scrivo cmq sempre che li ricontatterò e che l'intento è quello di incontrarli di erosna per presentazione prodotti.",15323,AlmaWin Reinigungskonzentrate GmbH,,Alessandra,Azione Commerciale
2025-09-18,"28/08

Cliente già sentito diverse volte in passato, ci ha ricontattati per i flaconi new cristal vetto verniciato bianco che le abbiamo già venduto e consegnato a giugno 2025. Ora richiede la serigrafia sugli stessi, ci siamo sentite perchè sollecitava offerta e per comunicare la serigtafia a due e tre colori per 5 referenze (lorri da 500 e 1000). 
Entro domani mando offerta.

12/09
Contatto per le due offerte pending, entro prox settimana dovrebbe dare riscontro.

18/09
Telefonata con Jo per avere aggiornamenti sull'offerta. Devo richiamarla entro lunedì.",11321,MEDDROP BIOMEDICAL TECHNOLOGIES GMBH,JO SCHUMACHER,Alessandra,Azione Commerciale
2025-09-18,"18/09
CLIENTE DA ELENCO ASSOCIAZIONE COSMETICA GERMANIA- ho provato a contattare ufficio acquisti, al momento non disponibile, mi hanno chiesto presentazione società e catalogo, oltre a sottolineare di voler portare di perosna i campioni per  relativa presentazione. ",15324,Birkenbach-Gesundheit,,Alessandra,Azione Commerciale
2025-09-18,"15/09
Cliente con cui non condividevamo più offete dal 2019, parlato con uff. acquisti, aggiornata anagrafica, mando email con catalogo.

16/09
Cliente ha risposto al mio contatto, ho provato a contattarli nuovamente ma oggi non sono reperibili. Ho chiesto incontro per ottobre.

17/09
prima chiamata efefttuata per parlare con sig.ra Opree, non era alla sua postazione, ho lasciato messaggio alla segretaria.

17/09
seconda chiamata, ancora non rintracciabile, le ho lasciato messaggio in segreteria, ed ho mandato email. Se non sento nessuno entro le 14 RICHIAMO IO ANCORA UNA  VOLTA.

18/09
Richiamato anche oggi ma senza risposta, lasciato messaggio in segreteria.",104,DR. BABOR GMBH & CO. KG,Bastian Käsmacher/Annika Opree,Alessandra,Azione Commerciale
2025-09-18,"18/09
Sentito il cliente, accennato alla ns società, persone nuove a partire da me che mi occupo del mercato austriaco, prodotti nuovi ed innovativi a breve lancio sul mercato, disponibile ad incontro di persona sulla base della loro disponibilità. Mi hanno chiesto catalogo e presentazione company.",9332,ALPINE NATURPRODUKTE GMBH,,Alessandra,Azione Commerciale
2025-09-18,"18/09
Tentativo di chiamata, purtroppo senza riscontro, ho inviato emial con le nostre info ed i dettagli per contatto in futuro.
",10847,MR. ULAS HAZAR,,Alessandra,Azione Commerciale
2025-09-18,"16/09

Cristian richiede se per loro cliente importante abbiamo campioni da inviare secodno i modelli che mi hanno condiviso, da quanto vedo credo che alcune nostre collezioni potrebbero corrispondere. Attendo OK Bettina per procedere con invio campioni e creazione progetto.

17/09
Ho provato a richiamarlo per avere altre info sul progetto sopra descritto, è in riunione, mi richiama lui fra un'ora.

17/09
sono interessati a tutto, sia plastica che vetro, capacità 30-50-100ML, vogliono far colpo sul cliente cinese, hanno bisognod ei campioni prox settimana a monaco. Provo a preparare campionatura cpme da indicazione di Bettina.

18/09
Contatto cliente per l'offerta in corso, mi deve dare specifica se il flacone lo vuole colorato, matt e se è richiesta la serigrafia. Ho colto l'occasione per chiedere della famosa fattura proforma che devono ancora pagare, attendono che paghi il cliente per poi pagare noi.",8570,KLAPP COSMETICS GMBH,CRISTIAN VIDAL,Alessandra,Contatto Cliente
2025-09-18,"11/09
Lho chiamata per conferma quantitativi offerta in corso, ed abbianmo rivisto insieme in generale la sua richesta. Le ho accennato della ns probabile visita in ottobre, verifica disponibilità.

18/09
Ci siamo risentite per offerta in corso, per sapere se l'hanno condivisa con il cliente e si può andare avanti con il progetto. Mi faranno sapere nelle prossime settimane.
",3321,CNC COSMETIC GMBH,RAMONA SCHOENWALD,Alessandra,Contatto Cliente
2025-09-18,"Contattata da parte della cliente per commentare la loro richiesta relativa alle condizioni di pagamento dell'ordine che ci dovrebbero mandare a breve.

09/07
Ho provato a chiamarla per proporle il 70 % anticipato e 30% alla consegna, ma ha rilanciato esattamente con il contrario. Bettina mi ha autorizzato a proporle il 50% anticipato e 50 % al ritiro merce. Domiani la richiamo per proporglielo.

10/07
Ho provato a richiamarla ma anche oggi non raggiungibile, ho mandato email per proporle le nuove condizioni di pagamento. Domani provo a richiamare sperando in un suo riscontro positivo.

16/07
Confermata la condizione di pagamento, trasmetto ordine, così procediamo con emissione fattura proforma, poi inviamo tacca colore+steps successivi.

24/07
l'ho chamata per informarla che le tacche colore sono state inviate ieri, avvisandola del numero di tracking.

24/07
mi hanno segnalato problema su area di stampa VASO FLORENCE 250 ML, ho chiesto supporto alla qualità per correggere l'area di stampa e rinviare quella corretta spero entro domani.

25/07
prima chiamata legata al problema artwork vaso FLORENCE 250 ML, questo risolto 

25/07
seconda chiamata legata all'artwork del VASO FLORENCE 15 ML, abbiamo rinviato diverse aeree di stampa, ultimo invios cheda tecnica. Attendo di sapere se finalmente risolto.

28/07
Risentita questa mattina sempre per l'incongruenza sul FLORENCE 15ML, il loro grafico mi ha mandato email.

28/07
Mi hanno richiamata sempre per motivo sopra, le ho spiegato di utilizzare ns ultim,o vaso e poi come da indicazione di Bettina, avremmo addattato noi l'artwork all'area di stampa giusta del prodotto. Mi hanno cheisto quotazione per campioni serigrafati finiti, ho scritto tutto nella mail.

29/07

Mi hanno richiamata per prooblema tacca colore non corrispondente Pantone 5175U. Mi hanno anche richiesto la scheda tecnica del Florence 250 ML.

26/08
La Schultheis mi ha ricontattata oggi per fare il punto della situazione delle varie attività pending, ne ho parlato con Bettina, domani mando mail riepilogativa.

17/09
Mi ha chiamata la Schultheis, per confermarmi arrivo dei 15 campioni florence 50 ml che le avevo manadato io e per chiedermi altre info, per le quali le ho detto che sono seguite da Nadia, quindi di scrivere a lei. 

18/09
Scuhulteis mi ha richiamata oggi, ho ribadito che seguo la parte commerciale, voleva chiedere se fare una call di recap o meno ed inoltre ha finalmente capito il perchè ha ricevuto i campioni neri. Chiede invio campioni da loro entro la seconda di ottobre per photoshooting. 
",15125,WILDE COSMETICS  GmbH ,SCHULTHEIS-DORMANN,Alessandra,Contatto Cliente
2025-09-18,"Ho appena parlato con la cliente che mi chiedeva della ns chiusura aziendale per le ferie estive e di quando sarei stata io in ferie (le ho anche detto che sono cmq raggiungibile al cell). Questo perché il suo cliente ha accettato la ns offerta in allegato, non sapeva ancora tutti i dettagli se vetro trasparente o satinato, dovrebbe trattarsi di 10K pezzi CRISTAL 100 ML,  vorrebbe entro prossima settimana mandarci l’ordine.  Forse ci farà della serigrafia da fare, spero mi confermi il tutto a breve. Ovviamente le ho suggerito di affrettarsi con l’invio dell’ordine data la stagione estiva.

15/07
l'ho risentita per ordine CRISTAL 100 ML, sono in attesa di riscontro da parte del cliente, entro prox settimana spera di potermi dire qualcosa. E' a conoscenza del rallentamento di agosto.

28/07
Risentita oggi per modifica offerta in corso, aggiungendo altri range  e relativa quotazione. Mi deve ancora dire del Cristal 100ML.

29/07
richiamata oggi per il CRISTAL 100 ML, non ha anocra riscontro, òe ho chiesto di verificare. Altra ofefrta per vaso ambra VT 15ML.

30/07
per la nuova offerta preparata attendo i prezzi di spedizione, ho spiegato alla cliente che non appena li avremo, potremo mandarle l'offerta.

28/08
Ricontattata oggi la cliente per avere riscontro sulle due offerte di recente inviate ed anche per sapere della campionatura CRISTAL	FLACONE 100 ML	24/410 VS per l quale attendeva riscontro dal cliente. Domani la richiamo.

29/08
Ho provato a ricontattarla oggi ma purtroppo non ho trovato nessuno. Prox settimana dovrebbero esserci tutti.

01/09
Finalmente contattata, per tutti i punti aperti al massimo entro domani mi dà riscontro. 

02/09
Sempre per le offerte in corso l'ho richiamata...mi ha rimandata a domani.

03/09
Per offerte peneding ricontattata oggi, ancora non ha riscontro.

10/09
Parlato questa mattina con Nagel, chiede di tenere le offerte ancora on hold, siamo d'accordo la richiamo prox giovedi 18/09.

18/09
Chiamata cliente, offerta nr 250353 chiusa, il cliente finale si è indirizzato verso altra forma di pac vetro. Ho sollecitato riscontro sulle altre due offerte pending. ",9355,HUTTENLOCHER  GMBH,JESSICA NAGEL,Alessandra,Contatto Cliente
2025-09-18,Chiamato ma senza risposta. Inviata email di presentazione con catalogo,8125,CEDERROTH POLSKA S.A.,Mrs. Gabriela,Rachida,Contatto Cliente
2025-09-18,Chiamato ma senza successo. Inviata email di presentazione con catalogo,8210,SANOFI-AVENTIS SP- Z.O.O.,Mr. Konrad,Rachida,Contatto Cliente
2025-09-18,Parlato con Wioleta ed informa che non lavora più nel settore packaging da 5 anni. Invio catalogo e presentazione per futura collaborazione.,8269,GLOBAL-TRADE,Mrs. Wioleta,Rachida,Contatto Cliente
2025-09-18,Parlato con il cliente che informa non è interessato ai nostri prodotti in quanto si fornisce direttamente dall'Asia. ho inviato lo stesso il catalogo con una presentazione via email in caso di futura collaborazione.,8273,LUVIER SP. ZO.O.,Mr. Michat,Rachida,Contatto Cliente
2025-09-18,conversazione su Whatsapp per gli articoli di interesse e definizione campionatura,15319,CAVOSOL,Mr. Mihael,Rachida,Contatto Cliente
2025-09-19,"sentito telefonicamente cliente e presentata azienda
chiesto contatto della persona che si occupa del packaging e inviata mail di presentazione",8134,H.C.S. HIGH COSMETIC SOLUTION SRL ,,Rachele,Azione Commerciale
2025-09-19,"29/09
Su loro richiesta ho provato a contattarli oggi in riefrimento al file per recuperare i loro codici articoli. La sig. Frigan oggi non è disponibile, ho invaito mail, la richiamo lunedi.

19/09
Sentito il cliente per la compilazione del file, segnalano che alcuni articoli non corrispondono alla loro ricerca, di quelli che sono stati correttamente identificati gli ho anche già mandato le relative schede tecniche.",2763,ARTDECO COSMETIC GMBH,ANITA FRIGAN,Alessandra,Contatto Cliente
2025-09-19,"Ho appena parlato con la cliente che mi chiedeva della ns chiusura aziendale per le ferie estive e di quando sarei stata io in ferie (le ho anche detto che sono cmq raggiungibile al cell). Questo perché il suo cliente ha accettato la ns offerta in allegato, non sapeva ancora tutti i dettagli se vetro trasparente o satinato, dovrebbe trattarsi di 10K pezzi CRISTAL 100 ML,  vorrebbe entro prossima settimana mandarci l’ordine.  Forse ci farà della serigrafia da fare, spero mi confermi il tutto a breve. Ovviamente le ho suggerito di affrettarsi con l’invio dell’ordine data la stagione estiva.

15/07
l'ho risentita per ordine CRISTAL 100 ML, sono in attesa di riscontro da parte del cliente, entro prox settimana spera di potermi dire qualcosa. E' a conoscenza del rallentamento di agosto.

28/07
Risentita oggi per modifica offerta in corso, aggiungendo altri range  e relativa quotazione. Mi deve ancora dire del Cristal 100ML.

29/07
richiamata oggi per il CRISTAL 100 ML, non ha anocra riscontro, òe ho chiesto di verificare. Altra ofefrta per vaso ambra VT 15ML.

30/07
per la nuova offerta preparata attendo i prezzi di spedizione, ho spiegato alla cliente che non appena li avremo, potremo mandarle l'offerta.

28/08
Ricontattata oggi la cliente per avere riscontro sulle due offerte di recente inviate ed anche per sapere della campionatura CRISTAL	FLACONE 100 ML	24/410 VS per l quale attendeva riscontro dal cliente. Domani la richiamo.

29/08
Ho provato a ricontattarla oggi ma purtroppo non ho trovato nessuno. Prox settimana dovrebbero esserci tutti.

01/09
Finalmente contattata, per tutti i punti aperti al massimo entro domani mi dà riscontro. 

02/09
Sempre per le offerte in corso l'ho richiamata...mi ha rimandata a domani.

03/09
Per offerte peneding ricontattata oggi, ancora non ha riscontro.

10/09
Parlato questa mattina con Nagel, chiede di tenere le offerte ancora on hold, siamo d'accordo la richiamo prox giovedi 18/09.

18/09
Chiamata cliente, offerta nr 250353 chiusa, il cliente finale si è indirizzato verso altra forma di pac vetro. Ho sollecitato riscontro sulle altre due offerte pending. 
 
19/09
Mi ha richiesto di chiudere entrambi i progetti, il cliente pare abbia bisogno di più tempo e soprattutto è abituato ad altro design, quindi per ora preferisce chiudere entrambi i progetti.  ",9355,HUTTENLOCHER  GMBH,JESSICA NAGEL,Alessandra,Contatto Cliente
2025-09-19,"15/09
Cliente con cui non condividevamo più offete dal 2019, parlato con uff. acquisti, aggiornata anagrafica, mando email con catalogo.

16/09
Cliente ha risposto al mio contatto, ho provato a contattarli nuovamente ma oggi non sono reperibili. Ho chiesto incontro per ottobre.

19/09
Ennesimo tentativo di chiamata oggi, ho nuovamente lasciato messagio in segreteria per prendere appuntamento per andare da loro.",104,DR. BABOR GMBH & CO. KG,Bastian Käsmacher/Annika Opree,Alessandra,Azione Commerciale
2025-09-19,"19/09
Tentivo di contatto, cliente con il quale abbiamo condiviso ultima offerta nel 2020, non avendo ricevuto risposta, ho scritto ad info.",3259,SAREM COSMETICS,,Alessandra,Azione Commerciale
2025-09-19,"19/09
Tentativo di contatto, breve prersentazione azienda e prodotti, mi hanno chiesto email con company presentazione e catalogo.     ",3288,MANN & SCHROEDER GMBH,,Alessandra,Azione Commerciale
2025-09-19,"19/09
Tentivo di contatto, non avendo ricevuto risposta, ho scritto ad info.",4431,HARTMANN COSMETICS GMBH,,Alessandra,Azione Commerciale
2025-09-19,Chiamata la cliente per avere info sul ritiro campioni ma nessuna risposta. Inviata email di sollecito,15202,ARTISTIC DAMA Ltd,Mrs. Mariana,Rachida,Contatto Cliente
2025-09-19,Chiamato ma nessuna risposta. Inviata email di presentazione con catalogo.,8283,NANO TRADE SP.ZO.O,Mr. Bogdan,Rachida,Contatto Cliente
2025-09-19,Parlato con il centralino che mi ha fornito il contatto email del responsabile marketing a cui ho mandato email di presentazione & catalogo,8285,PROCONCEPT LABS SP. ZO.O.,Mrs. Monika,Rachida,Contatto Cliente
2025-09-19,Chiamato diversi numeri ma senza risposta. Invio email di presentazione con catalogo,8286,ORGANIC SERIES,,Rachida,Contatto Cliente
2025-09-19,Chiamato diversi numeri ma senza risposta. Invio email di presentazione con catalogo.,8290,GLOBAL COSMED GROUP SP.ZOO.SP.K.,,Rachida,Contatto Cliente
2025-09-22,"PRESENTATA AZIENDA
INVIATO CATALOGO E COMPANY PROFILE",15325,NISI NOS - S.R.L.,,Rachele,Azione Commerciale
2025-09-22,"PRESENTATA AZIENDA
INVIATO CATALOGO E COMPANY PROFILE",15326,STELE S.A.S. DI MARZUFERO STEFANIA & C.,,Rachele,Azione Commerciale
2025-09-22,"PRESENTATA AZIENDA
INVIATO CATALOGO E COMPANY PROFILE",15327,DOASTUDIO DI CAFAGNA GIUSEPPE,,Rachele,Azione Commerciale
2025-09-22,"PRESENTATA AZIENDA
INVIATO CATALOGO E COMPANY PROFILE",15328,DI LENARDO COSMETICS SRL,,Rachele,Azione Commerciale
2025-09-22,"PRESENTATA AZIENDA
INVIATO CATALOGO E COMPANY PROFILE",15329,CA DA SOCIETA' A RESPONSABILITA' LIMITATA SEMPLIFI,,Rachele,Azione Commerciale
2025-09-22,"PRESENTATA AZIENDA
INVIATO CATALOGO E COMPANY PROFILE",15330,ANNAB. SOCIETA' A RESPONSABILITA' LIMITATA,,Rachele,Azione Commerciale
2025-09-22,"PRESENTATA AZIENDA
INVIATO CATALOGO E COMPANY PROFILE",15331,GINI FRAGRANZE DI FRANCESCO GINI,,Rachele,Azione Commerciale
2025-09-22,"PRESENTATA AZIENDA
INVIATO CATALOGO E COMPANY PROFILE",12165,KIBILUX SRL,,Rachele,Azione Commerciale
2025-09-22,"SEGUITO INCONTRO CON AZIENDA A PITTI FRAGRANZE SEGNALANO CHE SU NS FLACONE UTILIZZANO DROPPER (NON NS) CHE HA PROBLEMI CON EROGAZIONE
LA CLIENTE SEGNALAN CHE VALUTANO ANCHE POMPA DISPENSER
INVIO CAMPIONI DI DROPPER/POMPE/AIRLESS",10428,HOBE PERGH SRL,,Rachele,Contatto Cliente
2025-09-22,"PROGETTO PROFUMERIA PICCOLI QUANTITATIVI 
30/50ML + SPRAY ARGENTO
VERNICIATURA
DECORO (FORSE)",14050,INTERCOINS SPA INTGIFT DIVISION,,Rachele,Contatto Cliente
2025-09-22,"29/09
Su loro richiesta ho provato a contattarli oggi in riefrimento al file per recuperare i loro codici articoli. La sig. Frigan oggi non è disponibile, ho invaito mail, la richiamo lunedi.

19/09
Sentito il cliente per la compilazione del file, segnalano che alcuni articoli non corrispondono alla loro ricerca, di quelli che sono stati correttamente identificati gli ho anche già mandato le relative schede tecniche.

22/09
Chiamata con la cliente per domande sul file che le ho trasmesso.",2763,ARTDECO COSMETIC GMBH,ANITA FRIGAN,Alessandra,Contatto Cliente
2025-09-22,"Cliente registrato nel 2024, al momento non abbiamo ordini fatturati con loro, offerta in corso, ci siamo sentite per il dispense plaisir nero, foto inviata. Prox settmana richimao per riscontro offerta.

02/09
CHIAMATA PER OFFERTA IN CORSO. E' interessata solo al dispenser perchè di flaconi ne hanno ancora in stock, mi ha chiesto alternative al Plaisir, le ho proposto il new cristal, inviate foto, mi deve dire se modificare l'offerta aggioungendo il new cristal.

03/09
Mi ha richiamata per riscontro foto, mi ha spiegato che il bulk sarà una body lotion uomo abbastanza densa, ha bidogno quindi di certa erogazione nell pompa, mi cheideva il plaisir o il griffe da 700 ma purtroppo per il vetro non va. Opzioni sarebbero Plaisir da 200 MCL e VENICE/ SAPHIR DA da 400 MCL ma per quest'ultimo non ne conosco la tempistica, da verificare con Bettina.

04/09
Mi ha richiamata per conferma invio campioni, le ho spiegato che la pompa 700 MCL non può essere apposta su flacone vetro new cristal 050ml, quindi riceve campioni pompa new cristal, plaisir e saphir.

09/09
Sentita oggi, ha ricevuto i campioni, segnala segnala un problema di aderenza della cover al dispenser new cristal, nel senso che viene via facilmente. Segnalato alla qualità. Preparao offerta per dispenser new cristal e plaisir. 

11/09
telefonata con la cliente, abbiamo rivisto insieme l'offerta, probabilmente prende anche il flac. new cristal VT 050, oltre i new cristal dispenser e le cover, devo però indicarle una tempistica di consegna.

15/09
Richiesta ulteriore modifca offerta in corso, anagrafica aggiornata con nuovo numero di telefono.

22/09
mi ha chiamato la cliente per comunicarmi che l'offerta era ok e proseguiva con ordine.",13770,VITAL LIFE GMBH,Ingeborg Klein,Alessandra,Contatto Cliente
2025-09-22,"22/09
Contattato cliente con cui al momento sono state scambiate solo offerte, ultima del febb. 2025, mi hanno chiesto di inviare nuovamente il catalogo, conoscono la Vetronaviglio, ho dato la disponibilità a mostare i prodotti soprattutto le novità. ",3362,SYSTEM KOSMETIK,Yasmina El Noubi,Alessandra,Azione Commerciale
2025-09-22,"15/09
Cliente con cui non condividevamo più offete dal 2019, parlato con uff. acquisti, aggiornata anagrafica, mando email con catalogo.

16/09
Cliente ha risposto al mio contatto, ho provato a contattarli nuovamente ma oggi non sono reperibili. Ho chiesto incontro per ottobre.

19/09
Ennesimo tentativo di chiamata oggi, ho nuovamente lasciato messagio in segreteria per prendere appuntamento per andare da loro.

22/09
Riprovato anche oggi, però non riesco a mettermi in contattato con Opree. Ho lasciato nuovamente messaggio.",104,DR. BABOR GMBH & CO. KG,Bastian Käsmacher/Annika Opree,Alessandra,Azione Commerciale
2025-09-22,"22/09

Parlato direttamente con Kloubert, sembra interessato ai ns prodotti, alle novità, mi sono resa disponibile ad incontrarlo di persona in caso di sua disponibilità. Mi ha chiesto email con catalogo e company presentation.",2103,INSPIRA COSMETICS GMBH,VOLKER KLOUBERT ,Alessandra,Azione Commerciale
2025-09-22,"22/09
Tentivo di contatto, per oggi sono solo riuscita a parlare con centralino, mi hanno chiesto di richiamare domani per l'ufficio acquisti.",2143,JEAN PIERRE ROSSELET COSMETICS AG,PETRA OSIS,Alessandra,Azione Commerciale
2025-09-22,"15/09
Cliente con cui non condividevamo più offete dal 2019, parlato con uff. acquisti, aggiornata anagrafica, mando email con catalogo.

16/09
Cliente ha risposto al mio contatto, ho provato a contattarli nuovamente ma oggi non sono reperibili. Ho chiesto incontro per ottobre.

19/09
Ennesimo tentativo di chiamata oggi, ho nuovamente lasciato messagio in segreteria per prendere appuntamento per andare da loro.

22/09
Riprovato anche oggi, però non riesco a mettermi in contattato con Opree. Ho lasciato nuovamente messaggio.

Seconda chiamata al cliente, richiamo mercoledi.",104,DR. BABOR GMBH & CO. KG,Bastian Käsmacher/Annika Opree,Alessandra,Azione Commerciale
2025-09-22,Parlato del nuovo progetto pompe ed è interessata a ricevere dei campioni per eseguire tests compatibilità e il qty potrebbe essere 5K pz o di più.,11488,ALAPALLA S.R.O. ,Mrs. Katka,Rachida,Contatto Cliente
2025-09-22,Chiamato diverse volte ma suona senza risposta. Inviata un'email con catalogo e presentazione.,8291,PPH CHANTAL,Mr. Demus,Rachida,Contatto Cliente
2025-09-23,Parlato con il cliente e chiesto di inviare un'email con catalogo.Così è stato fatto.,8300,LANWAR COSMETICS SP. Z.O.O.,Mr. Robert,Rachida,Contatto Cliente
2025-09-23,Parlato con Monika che informa di non lavorare più in questa azienda ma allo stesso momento ho mandato un'email di presentazione con il catalogo in caso di un futuro interesse. Ho chiamato anche gli altri numeri presenti in anagrafica e quelli sul sito ma nessuna riposta.,8301,DELAWELL CAMINO SP.ZO.O,Mrs. Monika,Rachida,Contatto Cliente
2025-09-23,Parlato con il centralino che parla solo polacco e per cui si è interrotta la telefonata. Ho inviato un'email di presentazione con catalogo.,8303,NANTES NANOLABORATORY,Mrs. Marta,Rachida,Contatto Cliente
2025-09-23,Parlato con il cliente e mi ha scritto il suo indirizzo email via messaggio al fine di potergli inviare il catalogo e così è stato fatto.,8305,ADEX COSMETICS & PHARMA,Mr. Adrian,Rachida,Contatto Cliente
2025-09-23,Parlato con il cliente che vuole ricevere dei campioni e anche offerta di flaconi ,15319,CAVOSOL,Mr. Mihail,Rachida,Contatto Cliente
2025-09-23,"START UP della svizzera italiana
candele e home decor
interessati a realizzare candele in vasi ambra 200/400
verranno a trovarci il 7 ottobre perchè di passaggio
pochi pezzi",15333,NUDOR,,Rachele,Azione Commerciale
2025-09-24,"presentazione azienda
il cliente valuta cambio pack",15334,Vamoss s.a.s di Leonardo Pipitone,,Rachele,Azione Commerciale
2025-09-24,Parlato con il cliente riguardo i campioni pronti e chiesto di fare una quotazione di trasporto per approvazione,10708,AMALGAMATED EURO PRODUCTS UK LTD,Mr. Mike,Rachida,Contatto Cliente
2025-09-24,Parlato con il cliente che vuole l'offerta di alcuni articoli inviati via email prima di ricevere dei campioni,15319,CAVOSOL,Mr. Mihail,Rachida,Contatto Cliente
2025-09-24,"22/09
Tentivo di contatto, per oggi sono solo riuscita a parlare con centralino, mi hanno chiesto di richiamare domani per l'ufficio acquisti.

24/09
Tentativo di contatto, mi hanno chiesto di richiamare dopo pranzo per comunicare con ufficio acquisti.
",2143,JEAN PIERRE ROSSELET COSMETICS AG,PETRA OSIS,Alessandra,Azione Commerciale
2025-09-24,"15/09
Cliente con cui non condividevamo più offete dal 2019, parlato con uff. acquisti, aggiornata anagrafica, mando email con catalogo.

16/09
Cliente ha risposto al mio contatto, ho provato a contattarli nuovamente ma oggi non sono reperibili. Ho chiesto incontro per ottobre.

19/09
Ennesimo tentativo di chiamata oggi, ho nuovamente lasciato messagio in segreteria per prendere appuntamento per andare da loro.

22/09
Riprovato anche oggi, però non riesco a mettermi in contattato con Opree. Ho lasciato nuovamente messaggio.

Seconda chiamata al cliente, richiamo mercoledi.

24/09
Ennesima chiamata, altro messaggio lasciato. Neanche l'altro collega dell'uff. acquisti è disponibile.",104,DR. BABOR GMBH & CO. KG,Bastian Käsmacher/Annika Opree,Alessandra,Azione Commerciale
2025-09-24,"22/09
Tentivo di contatto, per oggi sono solo riuscita a parlare con centralino, mi hanno chiesto di richiamare domani per l'ufficio acquisti.

24/09
Tentativo di contatto, mi hanno chiesto di richiamare dopo pranzo per comunicare con ufficio acquisti.

Seconda chiamata, dall'ufficio acquisti mi hanno chietso di inviare email e catalogo per ora.",2143,JEAN PIERRE ROSSELET COSMETICS AG,PETRA OSIS,Alessandra,Azione Commerciale
2025-09-24,"Cliente registrato nel 2024, al momento non abbiamo ordini fatturati con loro, offerta in corso, ci siamo sentite per il dispense plaisir nero, foto inviata. Prox settmana richimao per riscontro offerta.

02/09
CHIAMATA PER OFFERTA IN CORSO. E' interessata solo al dispenser perchè di flaconi ne hanno ancora in stock, mi ha chiesto alternative al Plaisir, le ho proposto il new cristal, inviate foto, mi deve dire se modificare l'offerta aggioungendo il new cristal.

03/09
Mi ha richiamata per riscontro foto, mi ha spiegato che il bulk sarà una body lotion uomo abbastanza densa, ha bidogno quindi di certa erogazione nell pompa, mi cheideva il plaisir o il griffe da 700 ma purtroppo per il vetro non va. Opzioni sarebbero Plaisir da 200 MCL e VENICE/ SAPHIR DA da 400 MCL ma per quest'ultimo non ne conosco la tempistica, da verificare con Bettina.

04/09
Mi ha richiamata per conferma invio campioni, le ho spiegato che la pompa 700 MCL non può essere apposta su flacone vetro new cristal 050ml, quindi riceve campioni pompa new cristal, plaisir e saphir.

09/09
Sentita oggi, ha ricevuto i campioni, segnala segnala un problema di aderenza della cover al dispenser new cristal, nel senso che viene via facilmente. Segnalato alla qualità. Preparao offerta per dispenser new cristal e plaisir. 

11/09
telefonata con la cliente, abbiamo rivisto insieme l'offerta, probabilmente prende anche il flac. new cristal VT 050, oltre i new cristal dispenser e le cover, devo però indicarle una tempistica di consegna.

15/09
Richiesta ulteriore modifca offerta in corso, anagrafica aggiornata con nuovo numero di telefono.

22/09
mi ha chiamato la cliente per comunicarmi che l'offerta era ok e proseguiva con ordine.

24/09
Mi ha chiesto di richiamarla perchè sull'offerta non le era chiaro il discorso dell'ex works della spedizione, inoltre mi ha anticpato di un'altra richiesta che potrebbe inviarci più avanti, quando ha maggiori dettagli mi contatta.   ",13770,VITAL LIFE GMBH,Ingeborg Klein,Alessandra,Contatto Cliente
2025-09-24,"24/09
Mi ha contattata Ramona wper chiedere offerta per Pipette per New Crystal 30ml Flasche sarinato, 1000 e 2500 pz, ha bisogbo quanto prima dei prezzi.",3321,CNC COSMETIC GMBH,Ramona Schönwald,Alessandra,Contatto Cliente
2025-09-24,,,,,stefanob,Azione Commerciale
2025-09-24,,,,,stefanob,Contatto Cliente
2025-09-25,"NUOVO CLIENTE
PRESENTATA AZIENDA",15336,+READY srl,,Rachele,Azione Commerciale
2025-09-25,"PRESENTATA AZIENDA E PRODOTTI
INVIO CATALOGO EN ALCUNE PROPOSTE AIRLESS E FLAC PER SIERO",15337,DermaLuxe Srls,,Rachele,Azione Commerciale
2025-09-25,CLIENTE INVIA ORDINE CON NUOVA RAGIONE SOCIALE,13617,INTERCON S.R.L.U.S.,,Rachele,Contatto Cliente
2025-09-25,"22/09

Parlato direttamente con Kloubert, sembra interessato ai ns prodotti, alle novità, mi sono resa disponibile ad incontrarlo di persona in caso di sua disponibilità. Mi ha chiesto email con catalogo e company presentation.

25/09
Sentito anche oggi in seguito alle foto inviate, è molto interessato alle collezioni:  
•	Kappa
•	Giada
•	Boston
•	Flore
  
250ML, mi deve far sapere i quantitativi e procedo con offerta.",2103,INSPIRA COSMETICS GMBH,VOLKER KLOUBERT ,Alessandra,Azione Commerciale
2025-09-25,"25/09
Contattato cliente, mi hanno cheisto di richiamare domani per ufficio acquisti, oggi la persona di riferiemnto non era in ufficio.  ",3233,KIRCHBERGER KOSMETIK GMBH,,Alessandra,Azione Commerciale
2025-09-25,"05/09
Cliente con cui non abbiano progetti dal 2020, richiamo lunedi, nek mentre ho inviato email con catalogo.

11/09
Telefonata con il cliente per richiesta dei campioni, è interessato a avrie colelzioni: VENUS, NEW CRISTAL, FLORENCE, KAPPA sia vetro che plastica. Inviata richiesta di preparazione campioni.

17/09
Ho chiamato ns contatto per sapere se le sono arrivati i campioni inviati e avere risocntto in merito. Ho mandato email dove siete entrambi in copia, se non sento nulla nel pomeriggio richiamo.

25/09
Ad oggi non ho ancora riscontro sui campioni inviati, ho sollecito una risposta, domani dovrebbe potermi dire qualcosa.",4169,DR. SPILLER GMBH,Dagmar Fenzl,Alessandra,Azione Commerciale
2025-09-25,"25/09
tentativo di contatto cliente che non acquista più da noi da diversi anni, mi accennava la centralinista che nel mentre sono cambiate diverse persone. Da ricontattare domani.",3257,ASAM GMBH & CO. BETRIEBS KG,,Alessandra,Azione Commerciale
2025-09-25,"25/09

Ultima offerta condivisa con il cliente nel 2021, ho provato a richiamarli, dall'ufficio commerciale mi hanno dato il riferimento dell'ufficio acquisti, da contattare domani. Mi hanno chiesto nel mentre catalogo e company presentation di nuovo.",3474,LA MER COSMETICS AG,NADIA AJAMI,Alessandra,Azione Commerciale
2025-09-25,"25/09
Cliente contattato, da diversi anni non lo sentivamo, siamo d'accordo richiamo domani per poter palrare con altro referente ufficio acquisti.",3769,BIOSUN GMBH,,Alessandra,Azione Commerciale
2025-09-25,"22/09

Parlato direttamente con Kloubert, sembra interessato ai ns prodotti, alle novità, mi sono resa disponibile ad incontrarlo di persona in caso di sua disponibilità. Mi ha chiesto email con catalogo e company presentation.

25/09
Sentito anche oggi in seguito alle foto inviate, è molto interessato alle collezioni:  
•	Kappa
•	Giada
•	Boston
•	Flore
  
250ML, mi deve far sapere i quantitativi e procedo con offerta.

Altra chiamata 25/09
mi ha richiamata per assicurrasi delle caratteristiche del materiale PE Soft touch e squeezable, da quotare.",2103,INSPIRA COSMETICS GMBH,VOLKER KLOUBERT ,Alessandra,Azione Commerciale
2025-09-25,conversazione su Whatsapp per la redazione di offerta.,15319,CAVOSOL,Mr. Mihail,Rachida,Contatto Cliente
2025-09-26,"05/09
Cliente con cui non abbiano progetti dal 2020, richiamo lunedi, nek mentre ho inviato email con catalogo.

11/09
Telefonata con il cliente per richiesta dei campioni, è interessato a avrie colelzioni: VENUS, NEW CRISTAL, FLORENCE, KAPPA sia vetro che plastica. Inviata richiesta di preparazione campioni.

17/09
Ho chiamato ns contatto per sapere se le sono arrivati i campioni inviati e avere risocntto in merito. Ho mandato email dove siete entrambi in copia, se non sento nulla nel pomeriggio richiamo.

25/09
Ad oggi non ho ancora riscontro sui campioni inviati, ho sollecito una risposta, domani dovrebbe potermi dire qualcosa.

26/09
Dagmar mi ha comunicato di chiudere per ora il progetto, perchè non in linea con i loor progetti attuali, però a detta sua ci potrebberoe sserci altri progetti per i quali ci contatteranno. ",4169,DR. SPILLER GMBH,Dagmar Fenzl,Alessandra,Azione Commerciale
2025-09-26,"22/09

Parlato direttamente con Kloubert, sembra interessato ai ns prodotti, alle novità, mi sono resa disponibile ad incontrarlo di persona in caso di sua disponibilità. Mi ha chiesto email con catalogo e company presentation.

25/09
Sentito anche oggi in seguito alle foto inviate, è molto interessato alle collezioni:  
•	Kappa
•	Giada
•	Boston
•	Flore
  
250ML, mi deve far sapere i quantitativi e procedo con offerta.

Altra chiamata 25/09
mi ha richiamata per assicurrasi delle caratteristiche del materiale PE Soft touch e squeezable, da quotare.

26/09
Mi ha comunicato quantitativi e colore che vorrebbe, con swerigrafia due colori, sempre da inserire nell'offerta.",2103,INSPIRA COSMETICS GMBH,VOLKER KLOUBERT ,Alessandra,Azione Commerciale
2025-09-26,"15/09
Cliente con cui non condividevamo più offete dal 2019, parlato con uff. acquisti, aggiornata anagrafica, mando email con catalogo.

16/09
Cliente ha risposto al mio contatto, ho provato a contattarli nuovamente ma oggi non sono reperibili. Ho chiesto incontro per ottobre.

19/09
Ennesimo tentativo di chiamata oggi, ho nuovamente lasciato messagio in segreteria per prendere appuntamento per andare da loro.

22/09
Riprovato anche oggi, però non riesco a mettermi in contattato con Opree. Ho lasciato nuovamente messaggio.

Seconda chiamata al cliente, richiamo mercoledi.

24/09
Ennesima chiamata, altro messaggio lasciato. Neanche l'altro collega dell'uff. acquisti è disponibile.

26/09
Ennesimo tentativo di chiamata, senza riscontro.",104,DR. BABOR GMBH & CO. KG,Bastian Käsmacher/Annika Opree,Alessandra,Azione Commerciale
2025-09-26,"25/09
Cliente contattato, da diversi anni non lo sentivamo, siamo d'accordo richiamo domani per poter palrare con altro referente ufficio acquisti.

26/09
Sono riuscita a parlare con ufficio acquisti, breve presentazione ns prodotti e azienda, hanno richiesto invio email con catalogo e company presentation.",3769,BIOSUN GMBH,,Alessandra,Azione Commerciale
2025-09-26,"26/09
Sentita clienete, breve introduxione ns prdotti e azienda, come di consueto hanno richiesto proprio da uff. acquisti invio catalogo + company presentation.",4306,METHODE BRIGITTE KETTNER GMBH,Brigitte Kettner,Alessandra,Azione Commerciale
2025-09-26,"25/09
tentativo di contatto cliente che non acquista più da noi da diversi anni, mi accennava la centralinista che nel mentre sono cambiate diverse persone. Da ricontattare domani.

26/09
Parlato con referente ufficio acquisti Dopf, introdotti i ns prodotti e azienda, con successivo invio mail con catalogo e company presentation.",3257,ASAM GMBH & CO. BETRIEBS KG,OLIVER DOPF,Alessandra,Azione Commerciale
2025-09-26,"25/09
Contattato cliente, mi hanno cheisto di richiamare domani per ufficio acquisti, oggi la persona di riferiemnto non era in ufficio.  

26/09
Sentita persona uffici commercilae, potenzialmente interessati ai prodotti VN, hanno richiesto smepre mail con catalogo + company presentation.",3233,KIRCHBERGER KOSMETIK GMBH,,Alessandra,Azione Commerciale
2025-09-26,"26/09
Cliente solo registrato in anagrafica, non sono state inviate offerte, oggi non disponibili le persone di riferimento, mi è stato chiesto di richiamare lunedì.  ",3802,VITA COSMETIC GMBH,,Alessandra,Azione Commerciale
2025-09-26,Chiamato ma c'è solo la segreteria telefonica. Inviata email di presentazione con catalogo.,8307,EBNSOL SP. ZO.O.,Mr. Michael,Rachida,Contatto Cliente
2025-09-26,Chiamato entrambi i cellulari ma nessuna risposta.Inviata email di presentazione con catalogo.,10746,COSMONDE AS,Aneta,Rachida,Contatto Cliente
2025-09-26,Chiamato il centralino che mi fa rimanere in attesa poi fa cadere la linea telefonica.Invio catalogo via email,8308,BANDI COSMETICS SP.ZO.O.,Mrs. Renata,Rachida,Contatto Cliente
2025-09-29,"22/09

Parlato direttamente con Kloubert, sembra interessato ai ns prodotti, alle novità, mi sono resa disponibile ad incontrarlo di persona in caso di sua disponibilità. Mi ha chiesto email con catalogo e company presentation.

25/09
Sentito anche oggi in seguito alle foto inviate, è molto interessato alle collezioni:  
•	Kappa
•	Giada
•	Boston
•	Flore
  
250ML, mi deve far sapere i quantitativi e procedo con offerta.

Altra chiamata 25/09
mi ha richiamata per assicurrasi delle caratteristiche del materiale PE Soft touch e squeezable, da quotare.

26/09
Mi ha comunicato quantitativi e colore che vorrebbe, con serigrafia due colori, sempre da inserire nell'offerta.

29/09
Chiamata di prima mattina, mi ha chiesto della campionatura e dell'offerta, gli ho spuegato che la direzione commericiale ci sarà da giovedì in poi.",00002103,INSPIRA COSMETICS GMBH,VOLKER KLOUBERT ,Alessandra,Azione Commerciale
2025-09-29,"29/09
Tentativo di chiamata in data odierna, nessuno reperibile oggi per contatto ufficio commerciale. Riprovo domani.",00004274,PRO NATURA INTERNATIONAL GMBH,,Alessandra,Azione Commerciale
2025-09-29,"29/09
Contattato il cliente e comunicato con ufficio acquisti, per ora mi hanno chiesrto di inviare il catalogo e company presentation.",F0001318,ROSA HEINZ GMBH,,Alessandra,Azione Commerciale
2025-09-29,"29/09
Tentativo di chiamata ai vari numeri disponibili, persona addetta ufficio acquisti non disponibile, riprovo domani. Nel caso domani mando mail.",00003841,JOB COSMETICS GMBH,,Alessandra,Azione Commerciale
2025-09-29,"29/09
Chiamata al cliente, introdotto brevemente ns società e prodotti, invio catalogo e company presentation come da richiesta.",00003287,HENKEL KGAA,KEVIN MIGNON,Alessandra,Azione Commerciale
2025-09-29,"29/09
Primo contatto telefonico, introducendo l'azienda e i prodotti, la persona di riferimento non era disponibile oggi, domani mattina richiamo.
",00004167,FUHLENDORF BEAUTY,,Alessandra,Azione Commerciale
2025-09-29,"29/09

Primo contatto telefonico, con breve introduzione azienda e descrizione generica dei prodotti. Richiamo domani per parlare con persona di riferimento dell'uff. acquisti.",00004417,LA FAME COSMETICS,,Alessandra,Azione Commerciale
2025-09-29,Parlato con la cliente informando che i campioni color match sono pronti per la spedizione ed attendiamo indirizzo+contatto per la consegna. Nel mentre la cliente ha chiesto aggiornamenti per gli ordini correnti e di cui avvisato anche Nadia.,14982,IVELI TRADE LTD,Mrs. Gergana,Rachida,Contatto Cliente
2025-09-29,Parlato con la cliente che mi ha fornito l'indirizzo di email a cui mandare il catalogo con la presentazione.,8309,BOWIL BIOTECH SP. ZO.O.,Mrs Anna,Rachida,Contatto Cliente
2025-09-30,"30/09
Telefonata con il cliente, già avuto contatti in passato, gli ho riparlato della VN, per ora mi hanno choesto catalogo e presentazione azienda. Richiamo prox settimana.",4167,FUHLENDORF BEAUTY,,Alessandra,Azione Commerciale
2025-09-30,"15/09
Cliente con cui non condividevamo più offete dal 2019, parlato con uff. acquisti, aggiornata anagrafica, mando email con catalogo.

16/09
Cliente ha risposto al mio contatto, ho provato a contattarli nuovamente ma oggi non sono reperibili. Ho chiesto incontro per ottobre.

19/09
Ennesimo tentativo di chiamata oggi, ho nuovamente lasciato messagio in segreteria per prendere appuntamento per andare da loro.

22/09
Riprovato anche oggi, però non riesco a mettermi in contattato con Opree. Ho lasciato nuovamente messaggio.

Seconda chiamata al cliente, richiamo mercoledi.

24/09
Ennesima chiamata, altro messaggio lasciato. Neanche l'altro collega dell'uff. acquisti è disponibile.

26/09
Ennesimo tentativo di chiamata, senza riscontro.

30/09
Ho provato a chiamare anche Herr Käsmacher al momento nessuna risposta.",104,DR. BABOR GMBH & CO. KG,Bastian Käsmacher/Annika Opree,Alessandra,Azione Commerciale
2025-09-30,"22/09

Parlato direttamente con Kloubert, sembra interessato ai ns prodotti, alle novità, mi sono resa disponibile ad incontrarlo di persona in caso di sua disponibilità. Mi ha chiesto email con catalogo e company presentation.

25/09
Sentito anche oggi in seguito alle foto inviate, è molto interessato alle collezioni:  
•	Kappa
•	Giada
•	Boston
•	Flore
  
250ML, mi deve far sapere i quantitativi e procedo con offerta.

30/09
Altra chiamata con il cliente chiedendomi di aggiungere all'offerta gli accessori: disp. Manila, Flow, Flip top Miami, disp. Griffe, Plaisir, ",2103,INSPIRA COSMETICS GMBH,VOLKER KLOUBERT ,Alessandra,Azione Commerciale
2025-09-30,"29/09

Primo contatto telefonico, con breve introduzione azienda e descrizione generica dei prodotti. Richiamo domani per parlare con persona di riferimento dell'uff. acquisti.

30/09
Parlato con ufficio acquisti, al momento non hanno progetti in corso, mi hanno cmq chiesto invio catalogo e presentazione società.",4417,LA FAME COSMETICS,,Alessandra,Azione Commerciale
2025-09-30,"30/09
Chiamata al cliente con il quale non avevamo più contatti dal 2018, breve introduzione prodotti VN, ho parlato con uff. acquisti, al momento non hanno progetti in corso da condividere, nel caso ci ricontattano.",4551,SWISS MOUNTAIN COSMETICS,,Alessandra,Azione Commerciale
2025-09-30,"30/09
Tentivo di chiamata al cliente con il quale non eravamo pià in contatto da diversi anni, referenti ufficio acquisti non reperibili oggi, richiedono invio mail del catalogo, per poi richiamrli più avanti.",4333,PHARCONA GMBH,,Alessandra,Azione Commerciale
2025-09-30,"30/09
Chiamata con ufficio commerciale, non mi hanno subito messo in contatto con uff. acquisti, prima preferiscono vedere il catalogo e poi nel caso mi ricontattano. Mandata mail. ",4361,PACKSYS GMBH,,Alessandra,Azione Commerciale
2025-09-30,"30/09
Clienet con il quake non eravamo più in contatto da qualche anno, ho parlato direttamente con Sevgi Gueler.
Mi ha detto di far rifermento al loro website https://www.ipacosmetics.de/link-en.html, sulla abse di questo di farle delle proposte di articoli. Nel mentre mi ha chiesto cmq il catalogo, ho inviato mail e domani provo a proporle delle colelzioni in linea con i loro prodotti.",4641,I.P.A. COSMETICS GMBH,SEVGI  GUELER,Alessandra,Azione Commerciale
2025-09-30,"30/09
Contatto cliente, per ora contatto con centralino, persona ufficio acquisti non reperibile oggi, hanno richeisto per il momento invio catalogo + presentazione società.",4656,HEADS HAIRCARE GMBH,,Alessandra,Azione Commerciale
2025-10-01,Chiamato ma nessuna risposta. Mandata email di presentazione con catalogo,8310,RAYPATH INTERNATIONAL,Mr. Andreas,Rachida,Contatto Cliente
2025-10-01,Parlato con il cliente e chiesto di mandare catalogo via email.,8312,PROFIL ,Mr. Pawel,Rachida,Contatto Cliente
2025-10-01,Parlato con la cliente ed inviato email con catalogo.,8599,CENTRUM KOSMETYKOW DR. PIOTR. KOZIEJ SP.ZO.O SP.K,Mrs. Justyna,Rachida,Contatto Cliente
2025-10-01,Chiamata ma senza successo. Inviata email con catalogo,8607,PASSAGE COSMETICS LABORATORY ,Mrs. Joanna,Rachida,Contatto Cliente
2025-10-01,Chiamata ma senza risposta. Inviata email con catalogo,8636,BEAUTY CONCEPT,Mrs. Klaudia,Rachida,Contatto Cliente
2025-10-01,Chiamato diverse volte ma senza successo. Inviata un'email di presentazione con catalogo.,8646,BELL,Mrs. Agata,Rachida,Contatto Cliente
2025-10-01,"27/08

Offerta rtichiesta per Spray New Crrtistal DR410.0206 con tasto rosa +cover new criustal pp rosa, la richiesta iniziale è di 10K pezzi, Bettina mi ha confermato che non è fattibile con solo 10K, quindi ho provato a richamrla per offrirle due opzioni in alternativa. Domani modifico di conseguenza l'offerta.

02/09
Per l'offerta in corso mi ha mandato email, l'ho richiamata per chiarimenti, attendo riscontro a breve,

01/10
Offerta modificata secondo loro richiesta quindi 10K spray + 25K pink actuators. Ci hanno inviato ordine ma noto delle discrepanze rispetto alla ns offerta, quindi ci siamo sentiti ed ho imviato email, attendo loro chiarimenti.",14147,DR. KLEINE PHARMA GMBH -EX LAB (00012616),"Jahnke, Amelie",Alessandra,Contatto Cliente
2025-10-01,"27/08

Offerta rtichiesta per Spray New Crrtistal DR410.0206 con tasto rosa +cover new criustal pp rosa, la richiesta iniziale è di 10K pezzi, Bettina mi ha confermato che non è fattibile con solo 10K, quindi ho provato a richamrla per offrirle due opzioni in alternativa. Domani modifico di conseguenza l'offerta.

02/09
Per l'offerta in corso mi ha mandato email, l'ho richiamata per chiarimenti, attendo riscontro a breve,

01/10
Offerta modificata secondo loro richiesta quindi 10K spray + 25K pink actuators. Ci hanno inviato ordine ma noto delle discrepanze rispetto alla ns offerta, quindi ci siamo sentiti ed ho imviato email, attendo loro chiarimenti.

Secondo contatto con la cliente, sempre per approfondire la ns offerta rispetto al loro ordine.",14147,DR. KLEINE PHARMA GMBH -EX LAB (00012616),"Jahnke, Amelie",Alessandra,Contatto Cliente
2025-10-01,"01/10
Cliente contattato, dall'ufficio acquisti mi hanno spiegato che loro sono prevalentemente una serigrafia, quindi ricevono i pacs direttamente dai clienti, quindi non necessitano di forniture di packaging da altro fornitore.",13600,ERNST ROESER GMBH ,,Alessandra,Azione Commerciale
2025-10-01,"01/10
Contatto con cliente che non sentivamo da tempo, al momento non hanno progetti in corso, mi hanno cmq chiesto di inviare mail con  catalogo con presentazione società per eventuali futuri progetti. ",8049,MEDSKIN SOLUTIONS DR. SUWELACK AG,,Alessandra,Azione Commerciale
2025-10-01,"15/09
Cliente con cui non condividevamo più offete dal 2019, parlato con uff. acquisti, aggiornata anagrafica, mando email con catalogo.

16/09
Cliente ha risposto al mio contatto, ho provato a contattarli nuovamente ma oggi non sono reperibili. Ho chiesto incontro per ottobre.

19/09
Ennesimo tentativo di chiamata oggi, ho nuovamente lasciato messagio in segreteria per prendere appuntamento per andare da loro.

22/09
Riprovato anche oggi, però non riesco a mettermi in contattato con Opree. Ho lasciato nuovamente messaggio.

Seconda chiamata al cliente, richiamo mercoledi.

24/09
Ennesima chiamata, altro messaggio lasciato. Neanche l'altro collega dell'uff. acquisti è disponibile.

26/09
Ennesimo tentativo di chiamata, senza riscontro.

30/09
Ho provato a chiamare anche Herr Käsmacher al momento nessuna risposta.

01/10
Altro tentativo senza risposta, rimando email almeno per sapere se è possibile andare a trovarli.",104,DR. BABOR GMBH & CO. KG,Bastian Käsmacher/Annika Opree,Alessandra,Azione Commerciale
2025-10-01,"01/10

Cliente contattato, parlato con ufficio acquisti, i nostri riferimentii sono ancora validi, come da loro richiesta ho inviato il catalogo e la presentazione della società.",8211,DREIZ COSMETICS GMBH & CO. KG,SCHAAL-TIETZ,Alessandra,Azione Commerciale
2025-10-01,"01/10
Cliente che ha la propria linea di skin care e make-up, full service, potenzialmente ineterssati ai ns prodotti, contatto ufficio acquisti modificato perchè il precedente non era più valido. Inviata mail con catalogo come da loro richiesta.",8189,MADISON COSMETICS GMBH,Nerjesa Almhazam,Alessandra,Azione Commerciale
2025-10-01,"01/10

Tentativo di contatto con il cliente, ultima offerta nel 2018, azienda full service, oggi ufficio acquisti non presnete, doamni richiamo.",5461,ELKADERM GMBH,,Alessandra,Azione Commerciale
2025-10-01,"presentata azienda
invio catalogo",15340,BALLANGI S.R.L.,,Rachele,Azione Commerciale
